{
  "waiting_zone": [
    [
      117.57241190774904,
      377.36357606152734
    ],
    [
      667.1100688198325,
      391.73961657896086
    ],
    [
      684.2533579436063,
      430.0757246254503
    ],
    [
      104.23874258925828,
      436.7845435335859
    ]
  ],
  "violation_zone": [
    [
      133.7632960802021,
      356.2787166359582
    ],
    [
      642.3475400854925,
      369.69635445222946
    ],
    [
      506.1536320466226,
      172.265398012809
    ],
    [
      301.3865675126574,
      166.51498180583556
    ]
  ]
}