{
  "waiting_zone": [
    [
      132.0234375,
      364.8619842529297
    ],
    [
      645.0234375,
      386.8619842529297
    ],
    [
      677.0234375,
      428.8619842529297
    ],
    [
      96.0234375,
      432.8619842529297
    ]
  ],
  "violation_zone": [
    [
      128.0234375,
      322.8619842529297
    ],
    [
      611.0234375,
      334.8619842529297
    ],
    [
      494.0234375,
      165.8619842529297
    ],
    [
      295.0234375,
      162.8619842529297
    ]
  ]
}