{
  "waiting_zone": [
    [
      124.0234375,
      375.92578125
    ],
    [
      649.0234375,
      387.92578125
    ],
    [
      682.0234375,
      428.92578125
    ],
    [
      104.0234375,
      433.92578125
    ]
  ],
  "violation_zone": [
    [
      119.0234375,
      337.92578125
    ],
    [
      622.0234375,
      349.92578125
    ],
    [
      497.0234375,
      168.92578125
    ],
    [
      297.0234375,
      162.92578125
    ]
  ]
}